{"loss":0.1354034540826356,"_wandb":{"runtime":10},"_runtime":10,"_timestamp":1.762248057054888e+09,"_step":9,"acc":0.8423335150721845}